filename,sentence_id,sentence,tokens,ner_tags
1366_Comment_fonctionnent_les_vaccins_à_ARN_et_à ADN ?.txt,1366_Comment_fonctionnent_les_vaccins_à_ARN_et_à ADN ?.txt_s39,tous ces essais ont démontré la parfaite tolérance de ce type de vaccins.,"[""tous"", ""ces"", ""essais"", ""ont"", ""démontré"", ""la"", ""parfaite"", ""tolérance"", ""de"", ""ce"", ""type"", ""de"", ""vaccins"", "".""]","[""O"", ""O"", ""O"", ""O"", ""O"", ""O"", ""O"", ""O"", ""O"", ""O"", ""O"", ""O"", ""B-Medication/Vaccine"", ""O""]"
"048_« Kéta »,_« K »,_« Spécial_K »…_les_usages_détourn.txt","048_« Kéta »,_« K »,_« Spécial_K »…_les_usages_détourn.txt_s16","en 2006 à hong kong, la kétamine est la deuxième substance psychoactive la plus consommé après l'héroïne.","[""en"", ""2006"", ""à"", ""hong"", ""kong"", "","", ""la"", ""kétamine"", ""est"", ""la"", ""deuxième"", ""substance"", ""psychoactive"", ""la"", ""plus"", ""consommé"", ""après"", ""l'"", ""héroïne"", "".""]","[""O"", ""O"", ""O"", ""O"", ""O"", ""O"", ""O"", ""B-Medication/Vaccine"", ""O"", ""O"", ""O"", ""O"", ""O"", ""O"", ""O"", ""O"", ""O"", ""O"", ""B-Medication/Vaccine"", ""O""]"
1269_Congés_menstruels :_quels_retours_des_différentes_.txt,1269_Congés_menstruels :_quels_retours_des_différentes_.txt_s41,"la proposition de loi française évoque des "" menstruations incapacitantes "", ce qui permet d'envisager les règles douloureuses, indépendamment d'un diagnostic d'endométriose.","[""la"", ""proposition"", ""de"", ""loi"", ""française"", ""évoque"", ""des"", ""\"""", ""menstruations"", ""incapacitantes"", ""\"""", "","", ""ce"", ""qui"", ""permet"", ""d'"", ""envisager"", ""les"", ""règles"", ""douloureuses"", "","", ""indépendamment"", ""d'"", ""un"", ""diagnostic"", ""d'"", ""endométriose"", "".""]","[""O"", ""O"", ""O"", ""O"", ""O"", ""O"", ""O"", ""O"", ""O"", ""O"", ""O"", ""O"", ""O"", ""O"", ""O"", ""O"", ""O"", ""O"", ""O"", ""O"", ""O"", ""O"", ""O"", ""O"", ""O"", ""O"", ""B-Disease"", ""O""]"
2264_Médicaments_antirétroviraux_injectables_contre_le_.txt,2264_Médicaments_antirétroviraux_injectables_contre_le_.txt_s32,"dans la suite de cette recherche, en janvier 2023, l'anrs–mie a accordé à notre équipe un nouveau financement pour conduire au sénégal une étude sur la faisabilité, l'acceptabilité et l'efficacité du traitement injectable auprès d'une cohorte prospective de 140 personnes adultes vivant avec le vih, suivies pendant une année, afin de produire des données scientifiques au plus près de la "" vraie vie "".","[""dans"", ""la"", ""suite"", ""de"", ""cette"", ""recherche"", "","", ""en"", ""janvier"", ""2023"", "","", ""l'"", ""anrs"", ""–"", ""mie"", ""a"", ""accordé"", ""à"", ""notre"", ""équipe"", ""un"", ""nouveau"", ""financement"", ""pour"", ""conduire"", ""au"", ""sénégal"", ""une"", ""étude"", ""sur"", ""la"", ""faisabilité"", "","", ""l'"", ""acceptabilité"", ""et"", ""l'"", ""efficacité"", ""du"", ""traitement"", ""injectable"", ""auprès"", ""d'"", ""une"", ""cohorte"", ""prospective"", ""de"", ""140"", ""personnes"", ""adultes"", ""vivant"", ""avec"", ""le"", ""vih"", "","", ""suivies"", ""pendant"", ""une"", ""année"", "","", ""afin"", ""de"", ""produire"", ""des"", ""données"", ""scientifiques"", ""au"", ""plus"", ""près"", ""de"", ""la"", ""\"""", ""vraie"", ""vie"", ""\"""", "".""]","[""O"", ""O"", ""O"", ""O"", ""O"", ""O"", ""O"", ""O"", ""O"", ""O"", ""O"", ""O"", ""O"", ""O"", ""O"", ""O"", ""O"", ""O"", ""O"", ""O"", ""O"", ""O"", ""O"", ""O"", ""O"", ""O"", ""O"", ""O"", ""O"", ""O"", ""O"", ""O"", ""O"", ""O"", ""O"", ""O"", ""O"", ""O"", ""O"", ""O"", ""O"", ""O"", ""O"", ""O"", ""O"", ""O"", ""O"", ""O"", ""O"", ""O"", ""O"", ""O"", ""O"", ""B-Symptom"", ""O"", ""O"", ""O"", ""O"", ""O"", ""O"", ""O"", ""O"", ""O"", ""O"", ""O"", ""O"", ""O"", ""O"", ""O"", ""O"", ""O"", ""O"", ""O"", ""O"", ""O"", ""O""]"
3168_Comment_notre_corps_se_défend-il_contre_les envahi.txt,3168_Comment_notre_corps_se_défend-il_contre_les envahi.txt_s48,"elles sont moins spécifiques dudit envahisseur que les autres types d'immunoglobulines, et leur concentration diminue rapidement.","[""elles"", ""sont"", ""moins"", ""spécifiques"", ""dudit"", ""envahisseur"", ""que"", ""les"", ""autres"", ""types"", ""d'"", ""immunoglobulines"", "","", ""et"", ""leur"", ""concentration"", ""diminue"", ""rapidement"", "".""]","[""O"", ""O"", ""O"", ""O"", ""O"", ""O"", ""O"", ""O"", ""O"", ""O"", ""O"", ""B-MedicalProcedure"", ""O"", ""O"", ""O"", ""O"", ""O"", ""O"", ""O""]"
712_Contre_le_virus_mpox_en_Afrique :_rendre_plus_sûrs.txt,712_Contre_le_virus_mpox_en_Afrique :_rendre_plus_sûrs.txt_s12,"mais nous devons également remonter aux causes profondes de la maladie, en particulier lorsque le mpox est transmis des animaux aux humains.","[""mais"", ""nous"", ""devons"", ""également"", ""remonter"", ""aux"", ""causes"", ""profondes"", ""de"", ""la"", ""maladie"", "","", ""en"", ""particulier"", ""lorsque"", ""le"", ""mpox"", ""est"", ""transmis"", ""des"", ""animaux"", ""aux"", ""humains"", "".""]","[""O"", ""O"", ""O"", ""O"", ""O"", ""O"", ""O"", ""O"", ""O"", ""O"", ""O"", ""O"", ""O"", ""O"", ""O"", ""O"", ""B-Disease"", ""O"", ""O"", ""O"", ""O"", ""O"", ""O"", ""O""]"
2396_Alzheimer :_une_nouvelle_explication_généralisable.txt,2396_Alzheimer :_une_nouvelle_explication_généralisable.txt_s38,"nous avons appelé ces protéines les "" protéines x "", car elles peuvent varier d'un individu à un autre, d'une maladie à une autre, d'un tissu à un autre.","[""nous"", ""avons"", ""appelé"", ""ces"", ""protéines"", ""les"", ""\"""", ""protéines"", ""x"", ""\"""", "","", ""car"", ""elles"", ""peuvent"", ""varier"", ""d'"", ""un"", ""individu"", ""à"", ""un"", ""autre"", "","", ""d'"", ""une"", ""maladie"", ""à"", ""une"", ""autre"", "","", ""d'"", ""un"", ""tissu"", ""à"", ""un"", ""autre"", "".""]","[""O"", ""O"", ""O"", ""O"", ""O"", ""O"", ""O"", ""B-AnatomicalStructure"", ""I-AnatomicalStructure"", ""O"", ""O"", ""O"", ""O"", ""O"", ""O"", ""O"", ""O"", ""O"", ""O"", ""O"", ""O"", ""O"", ""O"", ""O"", ""O"", ""O"", ""O"", ""O"", ""O"", ""O"", ""O"", ""O"", ""O"", ""O"", ""O"", ""O""]"
3178_Un_regard_éthique_sur_les_nouveaux_outils_d’assist.txt,3178_Un_regard_éthique_sur_les_nouveaux_outils_d’assist.txt_s19,"c'est le cas notamment de : la télé-expertise, qui permet à un médecin généraliste de faire appel à distance à un spécialiste doté d'une expertise spécifique (pour l'interprétation d'un cliché, la surveillance d'un cancer, etc.) la téléassistance médicale, qui correspond à une coopération entre professionnels de santé, et au cours de laquelle un professionnel médical assiste à distance un autre professionnel de santé (pour soigner une plaie complexe, réaliser des soins d'urgence dans un ehpad, etc.) certains outils digitaux entrés dans le quotidien des français interviennent directement dans la relation soignant-soigné (ou médecin-patient).","[""c'"", ""est"", ""le"", ""cas"", ""notamment"", ""de"", "":"", ""la"", ""télé-expertise"", "","", ""qui"", ""permet"", ""à"", ""un"", ""médecin"", ""généraliste"", ""de"", ""faire"", ""appel"", ""à"", ""distance"", ""à"", ""un"", ""spécialiste"", ""doté"", ""d'"", ""une"", ""expertise"", ""spécifique"", ""("", ""pour"", ""l'"", ""interprétation"", ""d'"", ""un"", ""cliché"", "","", ""la"", ""surveillance"", ""d'"", ""un"", ""cancer"", "","", ""etc."", "")"", ""la"", ""téléassistance"", ""médicale"", "","", ""qui"", ""correspond"", ""à"", ""une"", ""coopération"", ""entre"", ""professionnels"", ""de"", ""santé"", "","", ""et"", ""au"", ""cours"", ""de"", ""laquelle"", ""un"", ""professionnel"", ""médical"", ""assiste"", ""à"", ""distance"", ""un"", ""autre"", ""professionnel"", ""de"", ""santé"", ""("", ""pour"", ""soigner"", ""une"", ""plaie"", ""complexe"", "","", ""réaliser"", ""des"", ""soins"", ""d'"", ""urgence"", ""dans"", ""un"", ""ehpad"", "","", ""etc."", "")"", ""certains"", ""outils"", ""digitaux"", ""entrés"", ""dans"", ""le"", ""quotidien"", ""des"", ""français"", ""interviennent"", ""directement"", ""dans"", ""la"", ""relation"", ""soignant"", ""-"", ""soigné"", ""("", ""ou"", ""médecin"", ""-"", ""patient"", "")"", "".""]","[""O"", ""O"", ""O"", ""O"", ""O"", ""O"", ""O"", ""O"", ""O"", ""O"", ""O"", ""O"", ""O"", ""O"", ""O"", ""O"", ""O"", ""O"", ""O"", ""O"", ""O"", ""O"", ""O"", ""O"", ""O"", ""O"", ""O"", ""O"", ""O"", ""O"", ""O"", ""O"", ""O"", ""O"", ""O"", ""O"", ""O"", ""O"", ""O"", ""O"", ""O"", ""B-Disease"", ""O"", ""O"", ""O"", ""O"", ""O"", ""O"", ""O"", ""O"", ""O"", ""O"", ""O"", ""O"", ""O"", ""O"", ""O"", ""O"", ""O"", ""O"", ""O"", ""O"", ""O"", ""O"", ""O"", ""O"", ""O"", ""O"", ""O"", ""O"", ""O"", ""O"", ""O"", ""O"", ""O"", ""O"", ""O"", ""O"", ""O"", ""O"", ""O"", ""O"", ""O"", ""O"", ""O"", ""O"", ""O"", ""O"", ""O"", ""O"", ""O"", ""O"", ""O"", ""O"", ""O"", ""O"", ""O"", ""O"", ""O"", ""O"", ""O"", ""O"", ""O"", ""O"", ""O"", ""O"", ""O"", ""O"", ""O"", ""O"", ""O"", ""O"", ""O"", ""O"", ""O"", ""O"", ""O""]"
3353_Endométriose :_et_si_l’activité_physique_aidait_à_.txt,3353_Endométriose :_et_si_l’activité_physique_aidait_à_.txt_s19,"a notre connaissance, une douzaine d'études a été réalisée pour étudier les effets de l'activité physique et de l'exercice sur les douleurs pelviennes et le bien-être physique et mental des personnes atteintes d'endométriose.","[""a"", ""notre"", ""connaissance"", "","", ""une"", ""douzaine"", ""d'"", ""études"", ""a"", ""été"", ""réalisée"", ""pour"", ""étudier"", ""les"", ""effets"", ""de"", ""l'"", ""activité"", ""physique"", ""et"", ""de"", ""l'"", ""exercice"", ""sur"", ""les"", ""douleurs"", ""pelviennes"", ""et"", ""le"", ""bien-être"", ""physique"", ""et"", ""mental"", ""des"", ""personnes"", ""atteintes"", ""d'"", ""endométriose"", "".""]","[""O"", ""O"", ""O"", ""O"", ""O"", ""O"", ""O"", ""O"", ""O"", ""O"", ""O"", ""O"", ""O"", ""O"", ""O"", ""O"", ""O"", ""O"", ""O"", ""O"", ""O"", ""O"", ""O"", ""O"", ""O"", ""O"", ""O"", ""O"", ""O"", ""O"", ""O"", ""O"", ""O"", ""O"", ""O"", ""O"", ""O"", ""B-Disease"", ""O""]"
